Name,Price,Area,Location
Vente Appartement F4 Alger Birkhadem,22 Millions,35 m²,"Boudouaou, 35"
Vente Appartement F6 Alger Dar el beida,4 550 Millions,70 m²,"Boudouaou, 35"
Vente Appartement F4 Alger Belouizdad,1.25 Milliards,400 m²,"Bou ismail, 42"
Vente Appartement Alger Bordj el kiffan,3.45 Milliards,400 m²,"Bou ismail, 42"
Vente Appartement Alger Bordj el kiffan,1 111 DA,35 m²,"Boudouaou, 35"
Vente Appartement F3 Jijel Emir abdelkader,8 000 DA,70 m²,"Boudouaou, 35"
Vente Appartement F3 Alger Cheraga,1 DA / m²,400 m²,"Bou ismail, 42"
Vente Appartement F3 Alger El achour,5 000 DA,172 m²,"Bordj el kiffan, 16"
Vente Appartement Alger El achour,2 790 Millions,172 m²,"Bordj el kiffan, 16"
